type,name,module,path,hash
"csv","agent-manifest","_config","_config/agent-manifest.csv","577b25455c05a712c0ada8fbd67596204552309c383c443a9e43da3e07465c63"
"yaml","manifest","_config","_config/manifest.yaml","ffd7da231f309bbc8be2ca5ddf6aec4937bb9a379e76031d7039fb80e48a6105"
"csv","design-methods","cis","cis/skills/bmad-cis-design-thinking/design-methods.csv","97a1fa87aaa355ce855c2c4e3bbfde59cb4ed2166cf9896496af786f10c13459"
"csv","innovation-frameworks","cis","cis/skills/bmad-cis-innovation-strategy/innovation-frameworks.csv","bd1d191062302353d2562a54751f8f263ce47e143202e2c0fe41315c2be9eb95"
"csv","module-help","cis","cis/module-help.csv","67c31582927d1020a018bc92bcb48cde396a37fb856f01cb46c276ab344e6477"
"csv","solving-methods","cis","cis/skills/bmad-cis-problem-solving/solving-methods.csv","f3a380b12b21ec2410d1ac44bc8ca1970b0a04a21bfe3dd0370ac7ed1ec0d2c0"
"csv","story-types","cis","cis/skills/bmad-cis-storytelling/story-types.csv","8cf3d49d3ce771f30b6d9c0c936d35f92b8af23e0962c876df832c02d605f1ce"
"md","SKILL","cis","cis/skills/bmad-cis-agent-brainstorming-coach/SKILL.md","137b42a42225a8d2e5d11624dc6aad4ff1495aef7939f717ddf95cb4275f47fa"
"md","SKILL","cis","cis/skills/bmad-cis-agent-creative-problem-solver/SKILL.md","48161bd528f539a04ffc94f0cb1e37416b5b745d3bbb9ccc6e3a18331f484326"
"md","SKILL","cis","cis/skills/bmad-cis-agent-design-thinking-coach/SKILL.md","e6f39d24fa382381ec1b7b5ab7b16f1405302d0dfcd87003128a15faeb1d9d3c"
"md","SKILL","cis","cis/skills/bmad-cis-agent-innovation-strategist/SKILL.md","cc90813e65977002b4c81b7457d777b2b2283c1bb8f1891de861878f2f8338cd"
"md","SKILL","cis","cis/skills/bmad-cis-agent-presentation-master/SKILL.md","67e6485c30e0475b75243d5137f4a13fe21098a42de455fe104792e71cdd3857"
"md","SKILL","cis","cis/skills/bmad-cis-agent-storyteller/SKILL.md","89d455045ab284ce06a51458eaa83b18d800daa6d95ca4c5a9bb946d5154737d"
"md","SKILL","cis","cis/skills/bmad-cis-design-thinking/SKILL.md","6402dd05b1a9f035f7c9d474ca41d0a132069d4412414ae27dae62ea1882d321"
"md","SKILL","cis","cis/skills/bmad-cis-innovation-strategy/SKILL.md","d175c0fd1a84225cba24546e7a47347afd59e89619b438a81bfc108e89060de6"
"md","SKILL","cis","cis/skills/bmad-cis-problem-solving/SKILL.md","77327ef9062220ce936b7e74c7b995a01d8997b7390634ef0778f22ac17b6b8c"
"md","SKILL","cis","cis/skills/bmad-cis-storytelling/SKILL.md","a6169e1b9501c08066f91857c3dbf64da1fa7fe1bf131a839a5e3ea95a340763"
"md","stories-told","cis","cis/skills/bmad-cis-agent-storyteller/stories-told.md","8d7cb6a41382340a550c88627ef0c680ee7c20d61b53a7b18994d27f2368a5d4"
"md","story-preferences","cis","cis/skills/bmad-cis-agent-storyteller/story-preferences.md","b269d52c87cf6913ff2ce31772ed5faa5d064ab5f6889be6c9bec3c9b2e7c47a"
"md","template","cis","cis/skills/bmad-cis-design-thinking/template.md","7bcf6d0cd09de3c0d91f3f49ee280177365dabb64ed814b97e83e73082643c37"
"md","template","cis","cis/skills/bmad-cis-innovation-strategy/template.md","ab574d69fa13e21c806101a9089563b541013f6df44255d800ea24d4cb6d7136"
"md","template","cis","cis/skills/bmad-cis-problem-solving/template.md","c46fbdf42a1d9ad732f562e4add05020198ffc7ba18d134718e1cd960752c390"
"md","template","cis","cis/skills/bmad-cis-storytelling/template.md","290615dbd530dc13843a87ebedd107b390bcfd57cf68df67cd250dea8f49b2dd"
"md","workflow","cis","cis/skills/bmad-cis-design-thinking/workflow.md","3c78f3439c4e8ce5bd3b08b001d023c24eba90fb18e9db2fd715d837194830fd"
"md","workflow","cis","cis/skills/bmad-cis-innovation-strategy/workflow.md","fdd3950637101b51fce9a52a1cc303fa98989e8ad0820b619d3415421268cc01"
"md","workflow","cis","cis/skills/bmad-cis-problem-solving/workflow.md","d65c3fb34b055c091107669eeed8ecac54e03180454bb8442aca36ffa20aecd4"
"md","workflow","cis","cis/skills/bmad-cis-storytelling/workflow.md","2c853a0b49ae9cc61081446fcffd7e7e352ec5d19f02774df2189a934743e8f0"
"yaml","bmad-skill-manifest","cis","cis/skills/bmad-cis-agent-brainstorming-coach/bmad-skill-manifest.yaml","5ffcd83f53cd9a14debca388ba6a2edb1f73841dbd78f6c30a4f1cf350eb7f14"
"yaml","bmad-skill-manifest","cis","cis/skills/bmad-cis-agent-creative-problem-solver/bmad-skill-manifest.yaml","f6ccf72134e13799bd7ad1519e18a0268ad41da7d86fe7afebce515f4c6c40e7"
"yaml","bmad-skill-manifest","cis","cis/skills/bmad-cis-agent-design-thinking-coach/bmad-skill-manifest.yaml","660dded1131af5b53e5bbd3c191b0b407a95e0fac0716cd3a2a1bc6e1218d321"
"yaml","bmad-skill-manifest","cis","cis/skills/bmad-cis-agent-innovation-strategist/bmad-skill-manifest.yaml","385c09309c471076256c5cae016ed02ac27780646ee1c3b33952d4866b179cab"
"yaml","bmad-skill-manifest","cis","cis/skills/bmad-cis-agent-presentation-master/bmad-skill-manifest.yaml","cbc72e716b412cfeb7eafae0ab5511c8cef9603e6812599e05c2d9d83a8b2f28"
"yaml","bmad-skill-manifest","cis","cis/skills/bmad-cis-agent-storyteller/bmad-skill-manifest.yaml","6115ffb71bb783c0a76d30a10033afff2cfd47db550f8d482981ff43b4b4ca75"
"yaml","bmad-skill-manifest","cis","cis/skills/bmad-cis-design-thinking/bmad-skill-manifest.yaml","fba78c307309490c064510a2d87d29e608120d600a705fd1d6b110adbdb68e63"
"yaml","bmad-skill-manifest","cis","cis/skills/bmad-cis-innovation-strategy/bmad-skill-manifest.yaml","fba78c307309490c064510a2d87d29e608120d600a705fd1d6b110adbdb68e63"
"yaml","bmad-skill-manifest","cis","cis/skills/bmad-cis-problem-solving/bmad-skill-manifest.yaml","fba78c307309490c064510a2d87d29e608120d600a705fd1d6b110adbdb68e63"
"yaml","bmad-skill-manifest","cis","cis/skills/bmad-cis-storytelling/bmad-skill-manifest.yaml","fba78c307309490c064510a2d87d29e608120d600a705fd1d6b110adbdb68e63"
"yaml","config","cis","cis/config.yaml","62a4aa32164cb31983cb80de9e9ccd08a76c7bb525313c780733d680307be8a8"
"csv","brain-methods","core","core/bmad-brainstorming/brain-methods.csv","0ab5878b1dbc9e3fa98cb72abfc3920a586b9e2b42609211bb0516eefd542039"
"csv","methods","core","core/bmad-advanced-elicitation/methods.csv","e08b2e22fec700274982e37be608d6c3d1d4d0c04fa0bae05aa9dba2454e6141"
"csv","module-help","core","core/module-help.csv","79cb3524f9ee81751b6faf549e67cbaace7fa96f71b93b09db1da8e29bf9db81"
"md","compression-rules","core","core/bmad-distillator/resources/compression-rules.md","86e53d6a2072b379864766681d1cc4e1aad3d4428ecca8c46010f7364da32724"
"md","distillate-compressor","core","core/bmad-distillator/agents/distillate-compressor.md","c00da33b39a43207a224c4043d1aa4158e90e41ab421fff0ea7cc55beec81ef8"
"md","distillate-format-reference","core","core/bmad-distillator/resources/distillate-format-reference.md","0ed0e016178f606ff7b70dd852695e94bce8da6d83954257e0b85779530bcaeb"
"md","round-trip-reconstructor","core","core/bmad-distillator/agents/round-trip-reconstructor.md","47c83f4a37249ddac38460d8c95d162f6fc175a8919888e8090aed71bd9383bc"
"md","SKILL","core","core/bmad-advanced-elicitation/SKILL.md","2d1011b1c93a4cf62d9a4b8fad876f0a45e1ad0126dbb796ed21304c5c5d8fb9"
"md","SKILL","core","core/bmad-brainstorming/SKILL.md","f4a2c22b40ed34cdbd3282dd6161a3b869902f3bc75b58e181fc9faf78eedd9d"
"md","SKILL","core","core/bmad-distillator/SKILL.md","9b404438deb17c56ddc08f7b823177687fb4a62f08f40dac8faa5a93f78e374d"
"md","SKILL","core","core/bmad-editorial-review-prose/SKILL.md","b3687fe80567378627bc2a0c5034ae8d65dfeedcf2b6c90da077f4feca462d0c"
"md","SKILL","core","core/bmad-editorial-review-structure/SKILL.md","164444359d74f695a84faf7ea558d0eef39c75561e6b26669f97a165c6f75538"
"md","SKILL","core","core/bmad-help/SKILL.md","8966c636a5ee40cc9deeba9a25df4cd2a9999d035f733711946fa6b1cc0de535"
"md","SKILL","core","core/bmad-index-docs/SKILL.md","a855d7060414e73ca4fe8e1a3e1cc4d0f2ce394846e52340bdf5a1317e0d234a"
"md","SKILL","core","core/bmad-init/SKILL.md","fd3c96b86bc02f6dac8e76e2b62b7f7a0782d4c0c6586ee414a7fb37a3bc3a4e"
"md","SKILL","core","core/bmad-party-mode/SKILL.md","558831b737cf3a6a5349b9f1338f2945da82ce2564893e642a2b49b7e62e8b3f"
"md","SKILL","core","core/bmad-review-adversarial-general/SKILL.md","7bffc39e6dba4d9123648c5d4d79e17c3c5b1efbd927c3fe0026c2dbb8d99cff"
"md","SKILL","core","core/bmad-review-edge-case-hunter/SKILL.md","f49ed9976f46b4cefa1fc8b4f0a495f16089905e6a7bbf4ce73b8f05c9ae3ee6"
"md","SKILL","core","core/bmad-shard-doc/SKILL.md","3a1538536514725fd4f31aded280ee56b9645fc61d114fd94aacb3ac52304e52"
"md","splitting-strategy","core","core/bmad-distillator/resources/splitting-strategy.md","26d3ed05f912cf99ff9ebe2353f2d84d70e3e852e23a32b1215c13416ad708b5"
"md","step-01-agent-loading","core","core/bmad-party-mode/steps/step-01-agent-loading.md","04ab6b6247564f7edcd5c503f5ca7d27ae688b09bbe2e24345550963a016e9f9"
"md","step-01-session-setup","core","core/bmad-brainstorming/steps/step-01-session-setup.md","7fd2aed9527ccdf35fc86bd4c9b27b4a530b5cfdfb90ae2b7385d3185bcd60bc"
"md","step-01b-continue","core","core/bmad-brainstorming/steps/step-01b-continue.md","49f8d78290291f974432bc8e8fce340de58ed62aa946e9e3182858bf63829920"
"md","step-02-discussion-orchestration","core","core/bmad-party-mode/steps/step-02-discussion-orchestration.md","a8a79890bd03237e20f1293045ecf06f9a62bc590f5c2d4f88e250cee40abb0b"
"md","step-02a-user-selected","core","core/bmad-brainstorming/steps/step-02a-user-selected.md","7ff3bca27286d17902ecea890494599796633e24a25ea6b31bbd6c3d2e54eba2"
"md","step-02b-ai-recommended","core","core/bmad-brainstorming/steps/step-02b-ai-recommended.md","cb77b810e0c98e080b4378999f0e250bacba4fb74c1bcb0a144cffe9989d2cbd"
"md","step-02c-random-selection","core","core/bmad-brainstorming/steps/step-02c-random-selection.md","91c6e16213911a231a41b1a55be7c939e7bbcd1463bd49cb03b5b669a90c0868"
"md","step-02d-progressive-flow","core","core/bmad-brainstorming/steps/step-02d-progressive-flow.md","6b6fbbd34bcf334d79f09e8c36ed3c9d55ddd3ebb8f8f77aa892643d1a4e3436"
"md","step-03-graceful-exit","core","core/bmad-party-mode/steps/step-03-graceful-exit.md","85e87df198fbb7ce1cf5e65937c4ad6f9ab51a2d80701979570f00519a2d9478"
"md","step-03-technique-execution","core","core/bmad-brainstorming/steps/step-03-technique-execution.md","b97afefd4ccc5234e554a3dfc5555337269ce171e730b250c756718235e9df60"
"md","step-04-idea-organization","core","core/bmad-brainstorming/steps/step-04-idea-organization.md","acb7eb6a54161213bb916cabf7d0d5084316704e792a880968fc340855cdcbbb"
"md","template","core","core/bmad-brainstorming/template.md","5c99d76963eb5fc21db96c5a68f39711dca7c6ed30e4f7d22aedee9e8bb964f9"
"md","workflow","core","core/bmad-brainstorming/workflow.md","74c87846a5cda7a4534ea592ea3125a8d8a1a88d19c94f5f4481fb28d0d16bf2"
"md","workflow","core","core/bmad-party-mode/workflow.md","e4f7328ccac68ecb7fb346c6b8f4e2e52171b63cff9070c0b382124872e673cb"
"py","analyze_sources","core","core/bmad-distillator/scripts/analyze_sources.py","31e2a8441c3c43c2536739c580cdef6abecb18ff20e7447f42dd868875783166"
"py","bmad_init","core","core/bmad-init/scripts/bmad_init.py","1b09aaadd599d12ba11bd61e86cb9ce7ce85e2d83f725ad8567b99ff00cbceeb"
"py","test_analyze_sources","core","core/bmad-distillator/scripts/tests/test_analyze_sources.py","d90525311f8010aaf8d7d9212a370468a697866190bae78c35d0aae9b7f23fdf"
"py","test_bmad_init","core","core/bmad-init/scripts/tests/test_bmad_init.py","84daa73b4e6adf4adbf203081a570b16859e090104a554ae46a295c9af3cb9bb"
"yaml","config","core","core/config.yaml","b6ca2c148b77776ca5216085f4cfc6102502fe93c3e29c84a280c56bd868e8f3"
"yaml","core-module","core","core/bmad-init/resources/core-module.yaml","eff85de02831f466e46a6a093d860642220295556a09c59e1b7f893950a6cdc9"
